{"mode": 0, "d2": 0.00390625, "eq2": false, "d3": 0.0078125, "eq3": false}